DictionaryName,LocationName,ItemName,LocationArea,ItemSubType,SpoilerLocation,SpoilerItem
Skyloft - Fledge,Skyloft - Fledge,Progressive Pouch,Skyloft,Item,Skyloft - Fledge,Progressive Pouch
Skyloft - Owlan's Shield,Skyloft - Owlan's Shield,Wooden Shield,Skyloft,Item,Skyloft - Owlan's Shield,Wooden Shield
Skyloft - Practice Sword,Skyloft - Practice Sword,Progressive Sword,Skyloft,Item,Skyloft - Practice Sword,Progressive Sword
Skyloft - Bazaar Potion Lady,Skyloft - Bazaar Potion Lady,Bottle,Skyloft,Item,Skyloft - Bazaar Potion Lady,Bottle|Empty Bottle
Skyloft - Waterfall Cave First Chest,Skyloft - Waterfall Cave First Chest,Red Rupee,Skyloft,Item,Skyloft - Waterfall Cave First Chest,Red Rupee
Skyloft - Waterfall Cave Second Chest,Skyloft - Waterfall Cave Second Chest,Red Rupee,Skyloft,Item,Skyloft - Waterfall Cave Second Chest,Red Rupee
Skyloft - Small Chest on Cliffs Near Goddess Statue,Skyloft - Small Chest on Cliffs Near Goddess Statue,Red Rupee,Skyloft,Item,Skyloft - Small Chest on Cliffs Near Goddess Statue,Red Rupee
Skyloft - Goddess Sword,Skyloft - Goddess Sword,Progressive Sword,Skyloft,Item,Skyloft - Goddess Sword,Progressive Sword
Skyloft - Bazaar Goddess Chest,Skyloft - Bazaar Goddess Chest,Gold Rupee,Skyloft,Item,Skyloft - Bazaar Goddess Chest,Gold Rupee
Skyloft - Shed Chest,Skyloft - Shed Chest,Silver Rupee,Skyloft,Item,Skyloft - Shed Chest,Silver Rupee
Skyloft - Shed Goddess Chest,Skyloft - Shed Goddess Chest,Heart Piece,Skyloft,Item,Skyloft - Shed Goddess Chest,Heart Piece
Skyloft - West Cliff Goddess Chest,Skyloft - West Cliff Goddess Chest,Silver Rupee,Skyloft,Item,Skyloft - West Cliff Goddess Chest,Silver Rupee
Skyloft - Floating Island Goddess Chest,Skyloft - Floating Island Goddess Chest,Gold Rupee,Skyloft,Item,Skyloft - Floating Island Goddess Chest,Gold Rupee
Skyloft - Waterfall Goddess Chest,Skyloft - Waterfall Goddess Chest,Heart Piece,Skyloft,Item,Skyloft - Waterfall Goddess Chest,Heart Piece
Skyloft - Pumpkin Archery - 600 Points,Skyloft - Pumpkin Archery - 600 Points,Heart Piece,Skyloft,Item,Skyloft - Pumpkin Archery - 600 Points,Heart Piece
Skyloft - Zelda Heartpiece,Skyloft - Zelda Heartpiece,Heart Piece,Skyloft,Item,Skyloft - Zelda Heartpiece,Heart Piece
Skyloft - Baby Rattle,Skyloft - Baby Rattle,Baby's Rattle,Skyloft,Item,Skyloft - Baby Rattle,Baby's Rattle|Baby Rattle
Skyloft - Parrow's Bottle,Skyloft - Parrow's Bottle,Bottle,Skyloft,Item,Skyloft - Parrow's Bottle,Bottle|Empty Bottle
Skyloft - Cawlin's Letter,Skyloft - Cawlin's Letter,Cawlin's Letter,Skyloft,Item,Skyloft - Cawlin's Letter,Cawlin's Letter
Skyloft - Wyrna Crystals,Skyloft - Wyrna Crystals,5 Gratitude Crystals,Skyloft,Item,Skyloft - Wyrna Crystals,5 Gratitude Crystals
Skyloft - Peater/Peatrice Crystals,Skyloft - Peater/Peatrice Crystals,5 Gratitude Crystals,Skyloft,Item,Skyloft - Peater/Peatrice Crystals,5 Gratitude Crystals
Skyloft - Parrow Crystals,Skyloft - Parrow Crystals,5 Gratitude Crystals,Skyloft,Item,Skyloft - Parrow Crystals,5 Gratitude Crystals
Skyloft - Fledge Crystals,Skyloft - Fledge Crystals,5 Gratitude Crystals,Skyloft,Item,Skyloft - Fledge Crystals,5 Gratitude Crystals
Skyloft - Baby Crystals,Skyloft - Baby Crystals,5 Gratitude Crystals,Skyloft,Item,Skyloft - Baby Crystals,5 Gratitude Crystals
Skyloft - Ghost/Pipit Crystals,Skyloft - Ghost/Pipit Crystals,5 Gratitude Crystals,Skyloft,Item,Skyloft - Ghost/Pipit Crystals,5 Gratitude Crystals
Skyloft - Sparrot Crystals,Skyloft - Sparrot Crystals,5 Gratitude Crystals,Skyloft,Item,Skyloft - Sparrot Crystals,5 Gratitude Crystals
Skyloft - Cleaning Crystals,Skyloft - Cleaning Crystals,5 Gratitude Crystals,Skyloft,Item,Skyloft - Cleaning Crystals,5 Gratitude Crystals
Skyloft - Owlan Crystals,Skyloft - Owlan Crystals,5 Gratitude Crystals,Skyloft,Item,Skyloft - Owlan Crystals,5 Gratitude Crystals
Skyloft - Batreaux 5 Crystals,Skyloft - Batreaux 5 Crystals,Progressive Wallet,Skyloft,Item,Skyloft - Batreaux 5 Crystals,Progressive Wallet
Skyloft - Batreaux 10 Crystals,Skyloft - Batreaux 10 Crystals,Heart Piece,Skyloft,Item,Skyloft - Batreaux 10 Crystals,Heart Piece
Skyloft - Batreaux 30 Crystals,Skyloft - Batreaux 30 Crystals,Progressive Wallet,Skyloft,Item,Skyloft - Batreaux 30 Crystals,Progressive Wallet
Skyloft - Batreaux 30 Crystals Chest,Skyloft - Batreaux 30 Crystals Chest,Cursed Medal,Skyloft,Item,Skyloft - Batreaux 30 Crystals Chest,Cursed Medal
Skyloft - Batreaux 40 Crystals,Skyloft - Batreaux 40 Crystals,Gold Rupee,Skyloft,Item,Skyloft - Batreaux 40 Crystals,Gold Rupee
Skyloft - Batreaux 50 Crystals,Skyloft - Batreaux 50 Crystals,Progressive Wallet,Skyloft,Item,Skyloft - Batreaux 50 Crystals,Progressive Wallet
Skyloft - Batreaux 70 Crystals,Skyloft - Batreaux 70 Crystals,Gold Rupee,Skyloft,Item,Skyloft - Batreaux 70 Crystals,Gold Rupee
Skyloft - Batreaux 70 Crystals Second Reward,Skyloft - Batreaux 70 Crystals Second Reward,Gold Rupee,Skyloft,Item,Skyloft - Batreaux 70 Crystals Second Reward,Gold Rupee
Skyloft - Batreaux 80 Crystals,Skyloft - Batreaux 80 Crystals,Progressive Wallet,Skyloft,Item,Skyloft - Batreaux 80 Crystals,Progressive Wallet
Skyloft - Crystal in Link's Room,Skyloft - Crystal in Link's Room,Gratitude Crystal,Single Gratitude Crystal,Gratitude Crystal Skyloft - Crystal in Link's Room,Skyloft - Crystal in Link's Room,Gratitude Crystal
Skyloft - Crystal on Light Tower,Skyloft - Crystal on Light Tower,Gratitude Crystal,Single Gratitude Crystal,Gratitude Crystal Skyloft - Crystal on Light Tower,Skyloft - Crystal on Light Tower,Gratitude Crystal
Skyloft - Crystal near Pumpkin Patch,Skyloft - Crystal near Pumpkin Patch,Gratitude Crystal,Single Gratitude Crystal,Gratitude Crystal Skyloft - Crystal near Pumpkin Patch,Skyloft - Crystal near Pumpkin Patch,Gratitude Crystal
Skyloft - Crystal in Parrow and Orielle's House,Skyloft - Crystal in Parrow and Orielle's House,Gratitude Crystal,Single Gratitude Crystal,Gratitude Crystal Skyloft - Crystal in Parrow and Orielle's House,Skyloft - Crystal in Parrow and Orielle's House,Gratitude Crystal
Skyloft - Crystal inbetween wooden Planks,Skyloft - Crystal inbetween wooden Planks,Gratitude Crystal,Single Gratitude Crystal,Gratitude Crystal Skyloft - Crystal inbetween wooden Planks,Skyloft - Crystal inbetween wooden Planks,Gratitude Crystal
Skyloft - Crystal in Knight Academy Plant,Skyloft - Crystal in Knight Academy Plant,Gratitude Crystal,Single Gratitude Crystal,Gratitude Crystal Skyloft - Crystal in Knight Academy Plant,Skyloft - Crystal in Knight Academy Plant,Gratitude Crystal
Skyloft - Crystal on West Cliff,Skyloft - Crystal on West Cliff,Gratitude Crystal,Single Gratitude Crystal,Gratitude Crystal Skyloft - Crystal on West Cliff,Skyloft - Crystal on West Cliff,Gratitude Crystal
Skyloft - Crystal after Waterfall Cave,Skyloft - Crystal after Waterfall Cave,Gratitude Crystal,Single Gratitude Crystal,Gratitude Crystal Skyloft - Crystal after Waterfall Cave,Skyloft - Crystal after Waterfall Cave,Gratitude Crystal
Skyloft - Crystal in Loftwing Prison,Skyloft - Crystal in Loftwing Prison,Gratitude Crystal,Single Gratitude Crystal,Gratitude Crystal Skyloft - Crystal in Loftwing Prison,Skyloft - Crystal in Loftwing Prison,Gratitude Crystal
Skyloft - Crystal in Sparring Hall,Skyloft - Crystal in Sparring Hall,Gratitude Crystal,Single Gratitude Crystal,Gratitude Crystal Skyloft - Crystal in Sparring Hall,Skyloft - Crystal in Sparring Hall,Gratitude Crystal
Skyloft - Crystal on Beedles Ship,Skyloft - Crystal on Beedles Ship,Gratitude Crystal,Single Gratitude Crystal,Gratitude Crystal Skyloft - Crystal on Beedles Ship,Skyloft - Crystal on Beedles Ship,Gratitude Crystal
Skyloft - Crystal on Waterfall Island,Skyloft - Crystal on Waterfall Island,Gratitude Crystal,Single Gratitude Crystal,Gratitude Crystal Skyloft - Crystal on Waterfall Island,Skyloft - Crystal on Waterfall Island,Gratitude Crystal
Skyloft - Crystal in Zelda's Room,Skyloft - Crystal in Zelda's Room,Gratitude Crystal,Single Gratitude Crystal,Gratitude Crystal Skyloft - Crystal in Zelda's Room,Skyloft - Crystal in Zelda's Room,Gratitude Crystal
Sky - Lumpy Pumpkin Chandellier,Sky - Lumpy Pumpkin Chandellier,Heart Piece,Sky,Item,Sky - Lumpy Pumpkin Chandellier,Heart Piece
Sky - Lumpy Pumpkin Roof Goddess Chest,Sky - Lumpy Pumpkin Roof Goddess Chest,Gold Rupee,Sky,Item,Sky - Lumpy Pumpkin Roof Goddess Chest,Gold Rupee
Sky - Lumpy Pumpkin Goddess Chest,Sky - Lumpy Pumpkin Goddess Chest,Progressive Pouch,Sky,Item,Sky - Lumpy Pumpkin Goddess Chest,Progressive Pouch
Sky - Lumpy Pumpkin Harp Minigame,Sky - Lumpy Pumpkin Harp Minigame,Heart Piece,Sky,Item,Sky - Lumpy Pumpkin Harp Minigame,Heart Piece
Sky - Bamboo Island Goddess Chest,Sky - Bamboo Island Goddess Chest,Gold Rupee,Sky,Item,Sky - Bamboo Island Goddess Chest,Gold Rupee
Sky - Goddess Chest on Island next to Bamboo Island,Sky - Goddess Chest on Island next to Bamboo Island,Silver Rupee,Sky,Item,Sky - Goddess Chest on Island next to Bamboo Island,Silver Rupee
Sky - Goddess Chest in Cave on Island Next to Bamboo Island,Sky - Goddess Chest in Cave on Island Next to Bamboo Island,Heart Medal,Sky,Item,Sky - Goddess Chest in Cave on Island Next to Bamboo Island,Heart Medal
Sky - Beedle's Island Goddess Chest,Sky - Beedle's Island Goddess Chest,Heart Piece,Sky,Item,Sky - Beedle's Island Goddess Chest,Heart Piece
Sky - Beedle's Island Cage Goddess Chest,Sky - Beedle's Island Cage Goddess Chest,Rupee Medal,Sky,Item,Sky - Beedle's Island Cage Goddess Chest,Rupee Medal
Sky - Northeast Island Goddess Cube Behind Bombable Rocks,Sky - Northeast Island Goddess Cube Behind Bombable Rocks,Silver Rupee,Sky,Item,Sky - Northeast Island Goddess Cube Behind Bombable Rocks,Silver Rupee
Sky - Northeast Island Cage Goddess Cube,Sky - Northeast Island Cage Goddess Cube,Treasure Medal,Sky,Item,Sky - Northeast Island Cage Goddess Cube,Treasure Medal
Sky - Goddess Chest on Island Closest to Faron Pillar,Sky - Goddess Chest on Island Closest to Faron Pillar,Heart Piece,Sky,Item,Sky - Goddess Chest on Island Closest to Faron Pillar,Heart Piece
Sky - Goddess Chest Outside Volcanic Island,Sky - Goddess Chest Outside Volcanic Island,Heart Medal,Sky,Item,Sky - Goddess Chest Outside Volcanic Island,Heart Medal
Sky - Goddess Chest Inside Volcanic Island,Sky - Goddess Chest Inside Volcanic Island,Heart Piece,Sky,Item,Sky - Goddess Chest Inside Volcanic Island,Heart Piece
Sky - Goddess Chest Under Fun Fun Island,Sky - Goddess Chest Under Fun Fun Island,Gold Rupee,Sky,Item,Sky - Goddess Chest Under Fun Fun Island,Gold Rupee
Sky - Southwest Triple Island Upper Goddes Chest,Sky - Southwest Triple Island Upper Goddes Chest,Small Seed Satchel,Sky,Item,Sky - Southwest Triple Island Upper Goddes Chest,Small Seed Satchel
Sky - Southwest Triple Island Lower Goddess Chest,Sky - Southwest Triple Island Lower Goddess Chest,Life Medal,Sky,Item,Sky - Southwest Triple Island Lower Goddess Chest,Life Medal
Sky - Southwest Triple Island Cage Goddess Cube,Sky - Southwest Triple Island Cage Goddess Cube,Potion Medal,Sky,Item,Sky - Southwest Triple Island Cage Goddess Cube,Potion Medal
Sky - Fun Fun Island Minigame,Sky - Fun Fun Island Minigame,Heart Piece,Sky,Item,Sky - Fun Fun Island Minigame,Heart Piece
Sky - Dohdoh Crystals,Sky - Dohdoh Crystals,5 Gratitude Crystals,Sky,Item,Sky - Dohdoh Crystals,5 Gratitude Crystals
Sky - Orrielle Crystals,Sky - Orrielle Crystals,5 Gratitude Crystals,Sky,Item,Sky - Orrielle Crystals,5 Gratitude Crystals
Sky - Kina Crystals,Sky - Kina Crystals,5 Gratitude Crystals,Sky,Item,Sky - Kina Crystals,5 Gratitude Crystals
Sky - Beedle's Crystals,Sky - Beedle's Crystals,5 Gratitude Crystals,Sky,Item,Sky - Beedle's Crystals,5 Gratitude Crystals
Sky - Breakable Boulder near Fun Fun island,Sky - Breakable Boulder near Fun Fun island,Silver Rupee,Sky,Item,Sky - Breakable Boulder near Fun Fun island,Silver Rupee
Sky - Breakable Boulder near Lumpy Pumpkin,Sky - Breakable Boulder near Lumpy Pumpkin,Silver Rupee,Sky,Item,Sky - Breakable Boulder near Lumpy Pumpkin,Silver Rupee
Sky - Crystal outside Lumpy Pumpkin,Sky - Crystal outside Lumpy Pumpkin,Gratitude Crystal,Single Gratitude Crystal,Gratitude Crystal Sky - Crystal outside Lumpy Pumpkin,Sky - Crystal outside Lumpy Pumpkin,Gratitude Crystal
Sky - Crystal inside Lumpy Pumpkin,Sky - Crystal inside Lumpy Pumpkin,Gratitude Crystal,Single Gratitude Crystal,Gratitude Crystal Sky - Crystal inside Lumpy Pumpkin,Sky - Crystal inside Lumpy Pumpkin,Gratitude Crystal
Thunderhead - Goddess Chest Outside Isle of Song,Thunderhead - Goddess Chest Outside Isle of Song,Gold Rupee,Thunderhead,Item,Thunderhead - Goddess Chest Outside Isle of Song,Gold Rupee
Thunderhead - Goddess Chest on top of Isle of Song,Thunderhead - Goddess Chest on top of Isle of Song,Small Bomb Bag,Thunderhead,Item,Thunderhead - Goddess Chest on top of Isle of Song,Small Bomb Bag
Thunderhead - East Island Goddess Chest,Thunderhead - East Island Goddess Chest,Rupee Medal,Thunderhead,Item,Thunderhead - East Island Goddess Chest,Rupee Medal
Thunderhead - East Island Chest,Thunderhead - East Island Chest,Evil Crystal,Thunderhead,Item,Thunderhead - East Island Chest,Evil Crystal
Thunderhead - Bug Island Goddess Chest,Thunderhead - Bug Island Goddess Chest,Heart Piece,Thunderhead,Item,Thunderhead - Bug Island Goddess Chest,Heart Piece
Thunderhead - First Goddess Chest on Mogma Mitts Island,Thunderhead - First Goddess Chest on Mogma Mitts Island,Bottle,Thunderhead,Item,Thunderhead - First Goddess Chest on Mogma Mitts Island,Bottle|Empty Bottle
Thunderhead - Bug Island minigame,Thunderhead - Bug Island minigame,Horned Colossus Beetle,Thunderhead,Item,Thunderhead - Bug Island minigame,Horned Colossus Beetle
Thunderhead - Levias,Thunderhead - Levias,Song of the Hero,Thunderhead,Item,Thunderhead - Levias,Song of the Hero
Thunderhead - Farore's Courage,Thunderhead - Farore's Courage,Farore's Courage,Thunderhead,Item,Thunderhead - Farore's Courage,Farore's Courage
Thunderhead - Nayru's Wisdom,Thunderhead - Nayru's Wisdom,Nayru's Wisdom,Thunderhead,Item,Thunderhead - Nayru's Wisdom,Nayru's Wisdom
Thunderhead - Din's Power,Thunderhead - Din's Power,Din's Power,Thunderhead,Item,Thunderhead - Din's Power,Din's Power
Sealed Grounds - Inside Sealed Temple,Sealed Grounds - Inside Sealed Temple,Bottle,Sealed Grounds,Item,Sealed Grounds - Inside Sealed Temple,Bottle|Empty Bottle
Sealed Grounds - Ballad of the Goddess,Sealed Grounds - Ballad of the Goddess,Ballad of the Goddess,Sealed Grounds,Item,Sealed Grounds - Ballad of the Goddess,Ballad of the Goddess
Sealed Grounds - Gorko Goddess Wall Reward,Sealed Grounds - Gorko Goddess Wall Reward,Heart Piece,Sealed Grounds,Item,Sealed Grounds - Gorko Goddess Wall Reward,Heart Piece
Sealed Grounds - True Master Sword,Sealed Grounds - True Master Sword,Progressive Sword,Sealed Grounds,Item,Sealed Grounds - True Master Sword,Progressive Sword
Faron Woods - Heart Piece on Tree,Faron Woods - Heart Piece on Tree,Heart Piece,Faron Woods,Item,Faron Woods - Heart Piece on Tree,Heart Piece
Faron Woods - Slingshot,Faron Woods - Slingshot,Slingshot,Faron Woods,Item,Faron Woods - Slingshot,Slingshot
Faron Woods - Deep Woods Chest,Faron Woods - Deep Woods Chest,Red Rupee,Faron Woods,Item,Faron Woods - Deep Woods Chest,Red Rupee
Faron Woods - Heart Piece Behind Boulder,Faron Woods - Heart Piece Behind Boulder,Heart Piece,Faron Woods,Item,Faron Woods - Heart Piece Behind Boulder,Heart Piece
Faron Woods - Behind Bombable Rocks near Erla,Faron Woods - Behind Bombable Rocks near Erla,Semi Rare Treasure,Faron Woods,Item,Faron Woods - Behind Bombable Rocks near Erla,Semi Rare Treasure
Faron Woods - Chest Inside Great Tree,Faron Woods - Chest Inside Great Tree,Gold Rupee,Faron Woods,Item,Faron Woods - Chest Inside Great Tree,Gold Rupee
Lake Floria - Lake Floria Chest,Lake Floria - Lake Floria Chest,Goddess Plume,Lake Floria,Item,Lake Floria - Lake Floria Chest,Goddess Plume
Lake Floria - Dragon Lair First Chest,Lake Floria - Dragon Lair First Chest,Semi Rare Treasure,Lake Floria,Item,Lake Floria - Dragon Lair First Chest,Semi Rare Treasure
Lake Floria - Dragon Lair Second Chest (Scale),Lake Floria - Dragon Lair Second Chest (Scale),Silver Rupee,Lake Floria,Item,Lake Floria - Dragon Lair Second Chest (Scale),Silver Rupee
Eldin Volcano - Behind Bombable Wall in First Room,Eldin Volcano - Behind Bombable Wall in First Room,Red Rupee,Eldin Volcano,Item,Eldin Volcano - Behind Bombable Wall in First Room,Red Rupee
Eldin Volcano - After Crawlspace,Eldin Volcano - After Crawlspace,Red Rupee,Eldin Volcano,Item,Eldin Volcano - After Crawlspace,Red Rupee
Eldin Volcano - Behind Bombable Wall Near HP,Eldin Volcano - Behind Bombable Wall Near HP,Red Rupee,Eldin Volcano,Item,Eldin Volcano - Behind Bombable Wall Near HP,Red Rupee
Eldin Volcano - Heart Piece on Cliff,Eldin Volcano - Heart Piece on Cliff,Heart Piece,Eldin Volcano,Item,Eldin Volcano - Heart Piece on Cliff,Heart Piece
Eldin Volcano - Behind Bombable Wall Near Volcano Ascent,Eldin Volcano - Behind Bombable Wall Near Volcano Ascent,Red Rupee,Eldin Volcano,Item,Eldin Volcano - Behind Bombable Wall Near Volcano Ascent,Red Rupee
Eldin Volcano - Key Piece in Front of ET,Eldin Volcano - Key Piece in Front of ET,Key Piece,Eldin Volcano,Item,Eldin Volcano - Key Piece in Front of ET,Key Piece
Eldin Volcano - Key Piece Below Tower,Eldin Volcano - Key Piece Below Tower,Key Piece,Eldin Volcano,Item,Eldin Volcano - Key Piece Below Tower,Key Piece
Eldin Volcano - Key Piece Behind Boulder on Sandy Slope,Eldin Volcano - Key Piece Behind Boulder on Sandy Slope,Key Piece,Eldin Volcano,Item,Eldin Volcano - Key Piece Behind Boulder on Sandy Slope,Key Piece
Eldin Volcano - Key Piece After Vents,Eldin Volcano - Key Piece After Vents,Key Piece,Eldin Volcano,Item,Eldin Volcano - Key Piece After Vents,Key Piece
Eldin Volcano - Key Piece After Draining Lava,Eldin Volcano - Key Piece After Draining Lava,Key Piece,Eldin Volcano,Item,Eldin Volcano - Key Piece After Draining Lava,Key Piece
Mogma Turf - Free Fall chest,Mogma Turf - Free Fall chest,Eldin Ore,Mogma Turf,Item,Mogma Turf - Free Fall chest,Eldin Ore
Mogma Turf - Behind Bombable Wall at Entrance,Mogma Turf - Behind Bombable Wall at Entrance,Golden Skull,Mogma Turf,Item,Mogma Turf - Behind Bombable Wall at Entrance,Golden Skull
Mogma Turf - Sand Slide Chest,Mogma Turf - Sand Slide Chest,Eldin Ore,Mogma Turf,Item,Mogma Turf - Sand Slide Chest,Eldin Ore
Mogma Turf - Digging Mitts,Mogma Turf - Digging Mitts,Progressive Mitts,Mogma Turf,Item,Mogma Turf - Digging Mitts,Progressive Mitts
Mogma Turf - Behind Bombable Wall in Lava Maze,Mogma Turf - Behind Bombable Wall in Lava Maze,Silver Rupee,Mogma Turf,Item,Mogma Turf - Behind Bombable Wall in Lava Maze,Silver Rupee
Volcano Summit - Heart Piece Behind Digging,Volcano Summit - Heart Piece Behind Digging,Heart Piece,Volcano Summit,Item,Volcano Summit - Heart Piece Behind Digging,Heart Piece
Volcano Summit - Behind Bombable Wall in Waterfall Area,Volcano Summit - Behind Bombable Wall in Waterfall Area,Silver Rupee,Volcano Summit,Item,Volcano Summit - Behind Bombable Wall in Waterfall Area,Silver Rupee
Lanayru Mines - Chest Behind First Landing,Lanayru Mines - Chest Behind First Landing,Evil Crystal,Lanayru Mines,Item,Lanayru Mines - Chest Behind First Landing,Evil Crystal
Lanayru Mines - Near First Timeshift Stone,Lanayru Mines - Near First Timeshift Stone,Red Rupee,Lanayru Mines,Item,Lanayru Mines - Near First Timeshift Stone,Red Rupee
Lanayru Mines - Behind Statue,Lanayru Mines - Behind Statue,Red Rupee,Lanayru Mines,Item,Lanayru Mines - Behind Statue,Red Rupee
Lanayru Mines - End of Mines,Lanayru Mines - End of Mines,Rare Treasure,Lanayru Mines,Item,Lanayru Mines - End of Mines,Rare Treasure
Lanayru - Chest Near Party Wheel,Lanayru - Chest Near Party Wheel,Golden Skull,Lanayru,Item,Lanayru - Chest Near Party Wheel,Golden Skull
Lanayru - Chest Before Hook Beetle,Lanayru - Chest Before Hook Beetle,Tumbleweed,Lanayru,Item,Lanayru - Chest Before Hook Beetle,Tumbleweed
Lanayru - Hook Beetle,Lanayru - Hook Beetle,Progressive Beetle,Lanayru,Item,Lanayru - Hook Beetle,Progressive Beetle
Lanayru - NE Desert Chest,Lanayru - NE Desert Chest,Heart Piece,Lanayru,Item,Lanayru - NE Desert Chest,Heart Piece
Lanayru - On Top of Lanayru Mining Facility,Lanayru - On Top of Lanayru Mining Facility,Rare Treasure,Lanayru,Item,Lanayru - On Top of Lanayru Mining Facility,Rare Treasure
Lanayru - Chest Next to Trial,Lanayru - Chest Next to Trial,Dusk Relic,Lanayru,Item,Lanayru - Chest Next to Trial,Dusk Relic
Lanayru - Chest on Platform Near Fire Node,Lanayru - Chest on Platform Near Fire Node,Red Rupee,Lanayru,Item,Lanayru - Chest on Platform Near Fire Node,Red Rupee
Lanayru - Chest Near Sand Oasis,Lanayru - Chest Near Sand Oasis,Red Rupee,Lanayru,Item,Lanayru - Chest Near Sand Oasis,Red Rupee
Lanayru - Beginning of Lightning Node,Lanayru - Beginning of Lightning Node,Red Rupee,Lanayru,Item,Lanayru - Beginning of Lightning Node,Red Rupee
Lanayru - Middle of Lightning Node,Lanayru - Middle of Lightning Node,Blue Rupee,Lanayru,Item,Lanayru - Middle of Lightning Node,Blue Rupee
Lanayru - End of Lightning Node room,Lanayru - End of Lightning Node room,Rare Treasure,Lanayru,Item,Lanayru - End of Lightning Node room,Rare Treasure
Lanayru - Fire Node Shortcut Chest,Lanayru - Fire Node Shortcut Chest,Rare Treasure,Lanayru,Item,Lanayru - Fire Node Shortcut Chest,Rare Treasure
Lanayru - Beginning of Fire Node,Lanayru - Beginning of Fire Node,Blue Rupee,Lanayru,Item,Lanayru - Beginning of Fire Node,Blue Rupee
Lanayru - Middle of Fire Node,Lanayru - Middle of Fire Node,Blue Rupee,Lanayru,Item,Lanayru - Middle of Fire Node,Blue Rupee
Lanayru - Fire Node Left Chest,Lanayru - Fire Node Left Chest,Golden Skull,Lanayru,Item,Lanayru - Fire Node Left Chest,Golden Skull
Lanayru - Fire Node Right Chest,Lanayru - Fire Node Right Chest,Blue Rupee,Lanayru,Item,Lanayru - Fire Node Right Chest,Blue Rupee
Lanayru Caves - Chest,Lanayru Caves - Chest,Golden Skull,Lanayru Caves,Item,Lanayru Caves - Chest,Golden Skull
Lanayru Caves - Golo,Lanayru Caves - Golo,LanayruCaves Small Key,Lanayru Caves,Item,Lanayru Caves - Golo,LanayruCaves Small Key
Lanayru Sand Sea - Skydive Chest at Skippers Retreat,Lanayru Sand Sea - Skydive Chest at Skippers Retreat,Silver Rupee,Lanayru Sand Sea,Item,Lanayru Sand Sea - Skydive Chest at Skippers Retreat,Silver Rupee
Lanayru Sand Sea - Chest After Moblin at Skippers Retreat,Lanayru Sand Sea - Chest After Moblin at Skippers Retreat,Red Rupee,Lanayru Sand Sea,Item,Lanayru Sand Sea - Chest After Moblin at Skippers Retreat,Red Rupee
Lanayru Sand Sea - Near Shack,Lanayru Sand Sea - Near Shack,Semi Rare Treasure,Lanayru Sand Sea,Item,Lanayru Sand Sea - Near Shack,Semi Rare Treasure
Lanayru Sand Sea - In Skippers Shack,Lanayru Sand Sea - In Skippers Shack,Sea Chart,Lanayru Sand Sea,Item,Lanayru Sand Sea - In Skippers Shack,Sea Chart
Lanayru Sand Sea - Roller Coaster Minigame,Lanayru Sand Sea - Roller Coaster Minigame,Heart Piece,Lanayru Sand Sea,Item,Lanayru Sand Sea - Roller Coaster Minigame,Heart Piece
Lanayru Sand Sea - First Chest in Pirate Stronghold,Lanayru Sand Sea - First Chest in Pirate Stronghold,Silver Rupee,Lanayru Sand Sea,Item,Lanayru Sand Sea - First Chest in Pirate Stronghold,Silver Rupee
Lanayru Sand Sea - Second Chest in Pirate Stronghold,Lanayru Sand Sea - Second Chest in Pirate Stronghold,Semi Rare Treasure,Lanayru Sand Sea,Item,Lanayru Sand Sea - Second Chest in Pirate Stronghold,Semi Rare Treasure
Lanayru Sand Sea - 3rd Chest in Pirate Stronghold,Lanayru Sand Sea - 3rd Chest in Pirate Stronghold,Semi Rare Treasure,Lanayru Sand Sea,Item,Lanayru Sand Sea - 3rd Chest in Pirate Stronghold,Semi Rare Treasure
Skyview - Map Chest,Skyview - Map Chest,Skyview Map,Skyview,Item,Skyview - Map Chest,Skyview Map|SW Map
Skyview - Small Key Digging Spot,Skyview - Small Key Digging Spot,SW Small Key,Skyview,Item,Skyview - Small Key Digging Spot,SW Small Key
Skyview - Behind Two Eyes,Skyview - Behind Two Eyes,SW Small Key,Skyview,Item,Skyview - Behind Two Eyes,SW Small Key
Skyview - Beetle,Skyview - Beetle,Progressive Beetle,Skyview,Item,Skyview - Beetle,Progressive Beetle
Skyview - Behind Bars in Hub Room,Skyview - Behind Bars in Hub Room,Heart Piece,Skyview,Item,Skyview - Behind Bars in Hub Room,Heart Piece
Skyview - Behind Three Eyes,Skyview - Behind Three Eyes,SW Small Key,Skyview,Item,Skyview - Behind Three Eyes,SW Small Key
Skyview - Near Boss Door,Skyview - Near Boss Door,Red Rupee,Skyview,Item,Skyview - Near Boss Door,Red Rupee
Skyview - Boss Key,Skyview - Boss Key,Skyview Boss Key,Skyview,Item,Skyview - Boss Key,Skyview Boss Key|SW Boss Key
Skyview - Ghirahim Heart Container,Skyview - Ghirahim Heart Container,Heart Container,Skyview,Item,Skyview - Ghirahim Heart Container,Heart Container
Skyview - Ruby Tablet,Skyview - Ruby Tablet,Ruby Tablet,Skyview,Item,Skyview - Ruby Tablet,Ruby Tablet
Earth Temple - First Chest,Earth Temple - First Chest,Red Rupee,Earth Temple,Item,Earth Temple - First Chest,Red Rupee
Earth Temple - Behind Boulder,Earth Temple - Behind Boulder,Golden Skull,Earth Temple,Item,Earth Temple - Behind Boulder,Golden Skull
Earth Temple - Left Chest After Boulder Section,Earth Temple - Left Chest After Boulder Section,Golden Skull,Earth Temple,Item,Earth Temple - Left Chest After Boulder Section,Golden Skull
Earth Temple - Map Chest,Earth Temple - Map Chest,ET Map,Earth Temple,Item,Earth Temple - Map Chest,ET Map
Earth Temple - Bomb Bag,Earth Temple - Bomb Bag,Bomb Bag,Earth Temple,Item,Earth Temple - Bomb Bag,Bomb Bag
Earth Temple - 5 Bombs From Ledd,Earth Temple - 5 Bombs From Ledd,5 Bombs,Earth Temple,Item,Earth Temple - 5 Bombs From Ledd,5 Bombs
Earth Temple - Chest Guarded by Lizalfos,Earth Temple - Chest Guarded by Lizalfos,Red Rupee,Earth Temple,Item,Earth Temple - Chest Guarded by Lizalfos,Red Rupee
Earth Temple - Boss Key,Earth Temple - Boss Key,ET Boss Key,Earth Temple,Item,Earth Temple - Boss Key,ET Boss Key
Earth Temple - Scaldera Heart Container,Earth Temple - Scaldera Heart Container,Heart Container,Earth Temple,Item,Earth Temple - Scaldera Heart Container,Heart Container
Earth Temple - Amber Tablet,Earth Temple - Amber Tablet,Amber Tablet,Earth Temple,Item,Earth Temple - Amber Tablet,Amber Tablet
Lanayru Mining Facility - Behind Bars,Lanayru Mining Facility - Behind Bars,Red Rupee,Lanayru Mining Facility,Item,Lanayru Mining Facility - Behind Bars,Red Rupee
Lanayru Mining Facility - First Chest in Hub Room,Lanayru Mining Facility - First Chest in Hub Room,LMF Small Key,Lanayru Mining Facility,Item,Lanayru Mining Facility - First Chest in Hub Room,LMF Small Key
Lanayru Mining Facility - Chest in Room Behind Locked Door,Lanayru Mining Facility - Chest in Room Behind Locked Door,Red Rupee,Lanayru Mining Facility,Item,Lanayru Mining Facility - Chest in Room Behind Locked Door,Red Rupee
Lanayru Mining Facility - Gust Bellows,Lanayru Mining Facility - Gust Bellows,Gust Bellows,Lanayru Mining Facility,Item,Lanayru Mining Facility - Gust Bellows,Gust Bellows
Lanayru Mining Facility - Inside Gust Bellows Room,Lanayru Mining Facility - Inside Gust Bellows Room,Golden Skull,Lanayru Mining Facility,Item,Lanayru Mining Facility - Inside Gust Bellows Room,Golden Skull
Lanayru Mining Facility - First West Room,Lanayru Mining Facility - First West Room,Golden Skull,Lanayru Mining Facility,Item,Lanayru Mining Facility - First West Room,Golden Skull
Lanayru Mining Facility - Map chest,Lanayru Mining Facility - Map chest,LMF Map,Lanayru Mining Facility,Item,Lanayru Mining Facility - Map chest,LMF Map
Lanayru Mining Facility - Behind First Crawlspace,Lanayru Mining Facility - Behind First Crawlspace,Golden Skull,Lanayru Mining Facility,Item,Lanayru Mining Facility - Behind First Crawlspace,Golden Skull
Lanayru Mining Facility - Behind Second Crawlspace,Lanayru Mining Facility - Behind Second Crawlspace,Red Rupee,Lanayru Mining Facility,Item,Lanayru Mining Facility - Behind Second Crawlspace,Red Rupee
Lanayru Mining Facility - Boss Key,Lanayru Mining Facility - Boss Key,LMF Boss Key,Lanayru Mining Facility,Item,Lanayru Mining Facility - Boss Key,LMF Boss Key
Lanayru Mining Facility - Chest After Boss Key Room,Lanayru Mining Facility - Chest After Boss Key Room,Red Rupee,Lanayru Mining Facility,Item,Lanayru Mining Facility - Chest After Boss Key Room,Red Rupee
Lanayru Mining Facility - LMF Heart Container,Lanayru Mining Facility - LMF Heart Container,Heart Container,Lanayru Mining Facility,Item,Lanayru Mining Facility - LMF Heart Container,Heart Container
Lanayru Mining Facility - Harp,Lanayru Mining Facility - Harp,Goddess Harp,Lanayru Mining Facility,Item,Lanayru Mining Facility - Harp,Goddess Harp
Ancient Cistern - Small Key Chest,Ancient Cistern - Small Key Chest,AC Small Key,Ancient Cistern,Item,Ancient Cistern - Small Key Chest,AC Small Key
Ancient Cistern - Whip,Ancient Cistern - Whip,Whip,Ancient Cistern,Item,Ancient Cistern - Whip,Whip
Ancient Cistern - Map Chest,Ancient Cistern - Map Chest,AC Map,Ancient Cistern,Item,Ancient Cistern - Map Chest,AC Map
Ancient Cistern - Vines Chest,Ancient Cistern - Vines Chest,Red Rupee,Ancient Cistern,Item,Ancient Cistern - Vines Chest,Red Rupee
Ancient Cistern - Behind Waterfall,Ancient Cistern - Behind Waterfall,Red Rupee,Ancient Cistern,Item,Ancient Cistern - Behind Waterfall,Red Rupee
Ancient Cistern - Bokoblin,Ancient Cistern - Bokoblin,AC Small Key,Ancient Cistern,Item,Ancient Cistern - Bokoblin,AC Small Key
Ancient Cistern - Boss Key,Ancient Cistern - Boss Key,AC Boss Key,Ancient Cistern,Item,Ancient Cistern - Boss Key,AC Boss Key
Ancient Cistern - Koloktos Heart Container,Ancient Cistern - Koloktos Heart Container,Heart Container,Ancient Cistern,Item,Ancient Cistern - Koloktos Heart Container,Heart Container
Ancient Cistern - Goddess Longsword,Ancient Cistern - Goddess Longsword,Progressive Sword,Ancient Cistern,Item,Ancient Cistern - Goddess Longsword,Progressive Sword
Sandship - Behind Combination Lock,Sandship - Behind Combination Lock,SS Small Key,Sandship,Item,Sandship - Behind Combination Lock,SS Small Key
Sandship - Bow chest,Sandship - Bow chest,Bow,Sandship,Item,Sandship - Bow chest,Bow
Sandship - Heart Piece Chest,Sandship - Heart Piece Chest,Heart Piece,Sandship,Item,Sandship - Heart Piece Chest,Heart Piece
Sandship - Map Chest,Sandship - Map Chest,Sandship Map,Sandship,Item,Sandship - Map Chest,Sandship Map|SS Map
Sandship - Treasure Room First Chest,Sandship - Treasure Room First Chest,Semi Rare Treasure,Sandship,Item,Sandship - Treasure Room First Chest,Semi Rare Treasure
Sandship - Treasure Room Second Chest,Sandship - Treasure Room Second Chest,Silver Rupee,Sandship,Item,Sandship - Treasure Room Second Chest,Silver Rupee
Sandship - Treasure Room Third Chest,Sandship - Treasure Room Third Chest,Semi Rare Treasure,Sandship,Item,Sandship - Treasure Room Third Chest,Semi Rare Treasure
Sandship - Treasure Room Fourth Chest,Sandship - Treasure Room Fourth Chest,Silver Rupee,Sandship,Item,Sandship - Treasure Room Fourth Chest,Silver Rupee
Sandship - Treasure Room Fifth Chest,Sandship - Treasure Room Fifth Chest,Semi Rare Treasure,Sandship,Item,Sandship - Treasure Room Fifth Chest,Semi Rare Treasure
Sandship - Robot in Brig,Sandship - Robot in Brig,SS Small Key,Sandship,Item,Sandship - Robot in Brig,SS Small Key
Sandship - Boss Key,Sandship - Boss Key,SS Boss Key,Sandship,Item,Sandship - Boss Key,SS Boss Key
Sandship - Tentalus Heart Container,Sandship - Tentalus Heart Container,Heart Container,Sandship,Item,Sandship - Tentalus Heart Container,Heart Container
Sandship - Nayru's Flame,Sandship - Nayru's Flame,Progressive Sword,Sandship,Item,Sandship - Nayru's Flame,Progressive Sword
Fire Sanctuary - First Room,Fire Sanctuary - First Room,FS Small Key,Fire Sanctuary,Item,Fire Sanctuary - First Room,FS Small Key
Fire Sanctuary - After First Outside Section,Fire Sanctuary - After First Outside Section,Red Rupee,Fire Sanctuary,Item,Fire Sanctuary - After First Outside Section,Red Rupee
Fire Sanctuary - Second Small Key Chest,Fire Sanctuary - Second Small Key Chest,FS Small Key,Fire Sanctuary,Item,Fire Sanctuary - Second Small Key Chest,FS Small Key
Fire Sanctuary - First Chest in Water Pod Room,Fire Sanctuary - First Chest in Water Pod Room,Red Rupee,Fire Sanctuary,Item,Fire Sanctuary - First Chest in Water Pod Room,Red Rupee
Fire Sanctuary - Second Chest in Water Pod Room,Fire Sanctuary - Second Chest in Water Pod Room,Semi Rare Treasure,Fire Sanctuary,Item,Fire Sanctuary - Second Chest in Water Pod Room,Semi Rare Treasure
Fire Sanctuary - Mogma Mitts,Fire Sanctuary - Mogma Mitts,Progressive Mitts,Fire Sanctuary,Item,Fire Sanctuary - Mogma Mitts,Progressive Mitts
Fire Sanctuary - Bottle,Fire Sanctuary - Bottle,Bottle,Fire Sanctuary,Item,Fire Sanctuary - Bottle,Bottle|Empty Bottle
Fire Sanctuary - Map Chest,Fire Sanctuary - Map Chest,FS Map,Fire Sanctuary,Item,Fire Sanctuary - Map Chest,FS Map
Fire Sanctuary - Third Small Key Chest,Fire Sanctuary - Third Small Key Chest,FS Small Key,Fire Sanctuary,Item,Fire Sanctuary - Third Small Key Chest,FS Small Key
Fire Sanctuary - Plats Chest,Fire Sanctuary - Plats Chest,Heart Piece,Fire Sanctuary,Item,Fire Sanctuary - Plats Chest,Heart Piece
Fire Sanctuary - Staircase Room,Fire Sanctuary - Staircase Room,Semi Rare Treasure,Fire Sanctuary,Item,Fire Sanctuary - Staircase Room,Semi Rare Treasure
Fire Sanctuary - Boss Key,Fire Sanctuary - Boss Key,FS Boss Key,Fire Sanctuary,Item,Fire Sanctuary - Boss Key,FS Boss Key
Fire Sanctuary - Ghirahim Heart Container,Fire Sanctuary - Ghirahim Heart Container,Heart Container,Fire Sanctuary,Item,Fire Sanctuary - Ghirahim Heart Container,Heart Container
Fire Sanctuary - Din's Flame,Fire Sanctuary - Din's Flame,Progressive Sword,Fire Sanctuary,Item,Fire Sanctuary - Din's Flame,Progressive Sword
Skykeep - Map Chest,Skykeep - Map Chest,Skykeep Map,Skykeep,Item,Skykeep - Map Chest,Skykeep Map|SK Map
Skykeep - Small Key Chest,Skykeep - Small Key Chest,Skykeep Small Key,Skykeep,Item,Skykeep - Small Key Chest,Skykeep Small Key|SK Small Key
Skyloft Silent Realm - Stone of Trials,Skyloft Silent Realm - Stone of Trials,Stone of Trials,Skyloft Silent Realm,Item,Skyloft Silent Realm - Stone of Trials,Stone of Trials
Faron Silent Realm - Water Scale,Faron Silent Realm - Water Scale,Water Scale,Faron Silent Realm,Item,Faron Silent Realm - Water Scale,Water Scale
Lanayru Silent Realm - Clawshots,Lanayru Silent Realm - Clawshots,Clawshots,Lanayru Silent Realm,Item,Lanayru Silent Realm - Clawshots,Clawshots
Eldin Silent Realm - Fireshield Earrings,Eldin Silent Realm - Fireshield Earrings,Fireshield Earrings,Eldin Silent Realm,Item,Eldin Silent Realm - Fireshield Earrings,Fireshield Earrings
Can Access Dungeon Entrance In Deep Woods,Dungeon Entrance In Deep Woods,Skyview,Faron Woods,DungeonEntrance,Dungeon Entrance In Deep Woods,Skyview
Can Access Dungeon Entrance In Eldin Volcano,Dungeon Entrance In Eldin Volcano,Earth Temple,Eldin Volcano,DungeonEntrance,Dungeon Entrance In Eldin Volcano,Earth Temple
Can Access Dungeon Entrance In Lanayru Desert,Dungeon Entrance In Lanayru Desert,Lanayru Mining Facility,Lanayru,DungeonEntrance,Dungeon Entrance In Lanayru Desert,Lanayru Mining Facility
Can Access Dungeon Entrance In Lake Floria,Dungeon Entrance In Lake Floria,Ancient Cistern,Lake Floria,DungeonEntrance,Dungeon Entrance In Lake Floria,Ancient Cistern
Can Access Dungeon Entrance In Sand Sea,Dungeon Entrance In Sand Sea,Sandship,Lanayru Sand Sea,DungeonEntrance,Dungeon Entrance In Sand Sea,Sandship
Can Access Dungeon Entrance In Volcano Summit,Dungeon Entrance In Volcano Summit,Fire Sanctuary,Eldin Volcano,DungeonEntrance,Dungeon Entrance In Volcano Summit,Fire Sanctuary
Can Access Dungeon Entrance On Skyloft,Dungeon Entrance On Skyloft,Skykeep,Skyloft,DungeonEntrance,Dungeon Entrance On Skyloft,Skykeep
Initial Goddess Cube,Faron Woods - Initial Goddess Cube,Initial Goddess Cube,Goddess Cubes,Initial Goddess Cube,Initial Goddess Cube,Initial Goddess Cube
Goddess Cube on West Great Tree near exit,Faron Woods - Goddess Cube on West Great Tree near exit,Goddess Cube on West Great Tree near exit,Goddess Cubes,Goddess Cube on West Great Tree near exit,Goddess Cube on West Great Tree near exit,Goddess Cube on West Great Tree near exit
Goddess Cube on East Great Tree with Rope,Faron Woods - Goddess Cube on East Great Tree with Rope,Goddess Cube on East Great Tree with Rope,Goddess Cubes,Goddess Cube on East Great Tree with Rope,Goddess Cube on East Great Tree with Rope,Goddess Cube on East Great Tree with Rope
Goddess Cube on East Great Tree with Clawshot Target,Faron Woods - Goddess Cube on East Great Tree with Clawshot Target,Goddess Cube on East Great Tree with Clawshot Target,Goddess Cubes,Goddess Cube on East Great Tree with Clawshot Target,Goddess Cube on East Great Tree with Clawshot Target,Goddess Cube on East Great Tree with Clawshot Target
Goddess Cube in Deep Woods,Faron Woods - Goddess Cube in Deep Woods,Goddess Cube in Deep Woods,Goddess Cubes,Goddess Cube in Deep Woods,Goddess Cube in Deep Woods,Goddess Cube in Deep Woods
Goddess Cube on top of Skyview,Faron Woods - Goddess Cube on top of Skyview,Goddess Cube on top of Skyview,Goddess Cubes,Goddess Cube on top of Skyview,Goddess Cube on top of Skyview,Goddess Cube on top of Skyview
Goddess Cube in Skyview Spring,Skyview Spring - Goddess Cube in Skyview Spring,Goddess Cube in Skyview Spring,Goddess Cubes,Goddess Cube in Skyview Spring,Goddess Cube in Skyview Spring,Goddess Cube in Skyview Spring
Goddess Cube in Lake Floria,Lake Floria - Goddess Cube in Lake Floria,Goddess Cube in Lake Floria,Goddess Cubes,Goddess Cube in Lake Floria,Goddess Cube in Lake Floria,Goddess Cube in Lake Floria
Goddess Cube in Floria Waterfall,Lake Floria - Goddess Cube in Floria Waterfall,Goddess Cube in Floria Waterfall,Goddess Cubes,Goddess Cube in Floria Waterfall,Goddess Cube in Floria Waterfall,Goddess Cube in Floria Waterfall
Goddess Cube at Eldin Entrance,Eldin Volcano - Goddess Cube at Eldin Entrance,Goddess Cube at Eldin Entrance,Goddess Cubes,Goddess Cube at Eldin Entrance,Goddess Cube at Eldin Entrance,Goddess Cube at Eldin Entrance
Goddess Cube near Mogma Turf Entrance,Eldin Volcano - Goddess Cube near Mogma Turf Entrance,Goddess Cube near Mogma Turf Entrance,Goddess Cubes,Goddess Cube near Mogma Turf Entrance,Goddess Cube near Mogma Turf Entrance,Goddess Cube near Mogma Turf Entrance
Goddess Cube in Mogma Turf,Eldin Volcano - Goddess Cube in Mogma Turf,Goddess Cube in Mogma Turf,Goddess Cubes,Goddess Cube in Mogma Turf,Goddess Cube in Mogma Turf,Goddess Cube in Mogma Turf
Goddess Cube West of Temple Entrance,Eldin Volcano - Goddess Cube West of Temple Entrance,Goddess Cube West of Temple Entrance,Goddess Cubes,Goddess Cube West of Temple Entrance,Goddess Cube West of Temple Entrance,Goddess Cube West of Temple Entrance
Goddess Cube East of Temple Entrance,Eldin Volcano - Goddess Cube East of Temple Entrance,Goddess Cube East of Temple Entrance,Goddess Cubes,Goddess Cube East of Temple Entrance,Goddess Cube East of Temple Entrance,Goddess Cube East of Temple Entrance
Goddess Cube in Eldin Slide,Eldin Volcano - Goddess Cube in Eldin Slide,Goddess Cube in Eldin Slide,Goddess Cubes,Goddess Cube in Eldin Slide,Goddess Cube in Eldin Slide,Goddess Cube in Eldin Slide
Goddess Cube inside Volcano Summit,Volcano Summit - Goddess Cube inside Volcano Summit,Goddess Cube inside Volcano Summit,Goddess Cubes,Goddess Cube inside Volcano Summit,Goddess Cube inside Volcano Summit,Goddess Cube inside Volcano Summit
Goddess Cube in Summit Waterfall,Volcano Summit - Goddess Cube in Summit Waterfall,Goddess Cube in Summit Waterfall,Goddess Cubes,Goddess Cube in Summit Waterfall,Goddess Cube in Summit Waterfall,Goddess Cube in Summit Waterfall
Goddess Cube near FS Entrance,Volcano Summit - Goddess Cube near FS Entrance,Goddess Cube near FS Entrance,Goddess Cubes,Goddess Cube near FS Entrance,Goddess Cube near FS Entrance,Goddess Cube near FS Entrance
Goddess Cube at Lanayru Mine Entrance,Lanayru - Goddess Cube at Lanayru Mine Entrance,Goddess Cube at Lanayru Mine Entrance,Goddess Cubes,Goddess Cube at Lanayru Mine Entrance,Goddess Cube at Lanayru Mine Entrance,Goddess Cube at Lanayru Mine Entrance
Goddess Cube in Sand Oasis,Lanayru - Goddess Cube in Sand Oasis,Goddess Cube in Sand Oasis,Goddess Cubes,Goddess Cube in Sand Oasis,Goddess Cube in Sand Oasis,Goddess Cube in Sand Oasis
Goddess Cube at ride in ToT area,Lanayru - Goddess Cube at ride in ToT area,Goddess Cube at ride in ToT area,Goddess Cubes,Goddess Cube at ride in ToT area,Goddess Cube at ride in ToT area,Goddess Cube at ride in ToT area
Goddess Cube in secret passageway in Desert,Lanayru - Goddess Cube in secret passageway in Desert,Goddess Cube in secret passageway in Desert,Goddess Cubes,Goddess Cube in secret passageway in Desert,Goddess Cube in secret passageway in Desert,Goddess Cube in secret passageway in Desert
Goddess Cube near Hook Beetle Fight,Lanayru - Goddess Cube near Hook Beetle Fight,Goddess Cube near Hook Beetle Fight,Goddess Cubes,Goddess Cube near Hook Beetle Fight,Goddess Cube near Hook Beetle Fight,Goddess Cube near Hook Beetle Fight
Goddess Cube in Ancient Harbour,Lanayru Sand Sea - Goddess Cube in Ancient Harbour,Goddess Cube in Ancient Harbour,Goddess Cubes,Goddess Cube in Ancient Harbour,Goddess Cube in Ancient Harbour,Goddess Cube in Ancient Harbour
Goddess Cube in Skipper's Retreat,Lanayru Sand Sea - Goddess Cube in Skipper's Retreat,Goddess Cube in Skipper's Retreat,Goddess Cubes,Goddess Cube in Skipper's Retreat,Goddess Cube in Skipper's Retreat,Goddess Cube in Skipper's Retreat
Goddess Cube in Pirate Stronghold,Lanayru Sand Sea - Goddess Cube in Pirate Stronghold,Goddess Cube in Pirate Stronghold,Goddess Cubes,Goddess Cube in Pirate Stronghold,Goddess Cube in Pirate Stronghold,Goddess Cube in Pirate Stronghold
Skyloft - Emerald Tablet,,Emerald Tablet,,Item,,Emerald Tablet
Skyloft - Spiral Charge,,Spiral Charge,,Item,,Spiral Charge
Flooded Faron Woods - Faron Soth Part event,,Faron Song of the Hero Part,,Item,,Faron Song of the Hero Part
Fire Dragon Room - Eldin Soth part event,,Eldin Song of the Hero Part,,Item,,Eldin Song of the Hero Part
Lanayru Gorge - Lanayru Soth Part event,,Lanayru Song of the Hero Part,,Item,,Lanayru Song of the Hero Part
Lanayru Gorge - Life Tree Seedling,,Life Tree Seedling,,Item,,Life Tree Seedling
Lanayru Gorge - Boss rush hylian shield,,Hylian Shield,,Item,,Hylian Shield
Lanayru Gorge - Boss rush heart piece,,Heart Piece,,Item,,Heart Piece
Thunderhead - Mogma Mitts Island Quiver,,Small Quiver,,Item,,Small Quiver
Skyloft - Beetle Shop Heart Piece,,Heart Piece,,Item,,Heart Piece
Extra Treasure 1,,Rare Treasure,,Item,,Rare Treasure
Extra Treasure 2,,Rare Treasure,,Item,,Rare Treasure
Extra Treasure 3,,Rare Treasure,,Item,,Rare Treasure
Extra Treasure 4,,Rare Treasure,,Item,,Rare Treasure
Extra Treasure 5,,Rare Treasure,,Item,,Rare Treasure
Extra Treasure 6,,Rare Treasure,,Item,,Rare Treasure
Extra Treasure 7,,Rare Treasure,,Item,,Rare Treasure
Extra Treasure 8,,Rare Treasure,,Item,,Rare Treasure
SettingSuffleTablet,Shuffled Tablets,,%Settings%,SettingSuffleTablet,SettingSuffleTablet,SettingSuffleTablet
SettingSuffleTabletTrue,,Enabled,%Settings%,SettingSuffleTablet,SettingSuffleTabletTrue,SettingSuffleTabletTrue
SettingSuffleTabletFalse,,Disabled,%Settings%,SettingSuffleTablet,SettingSuffleTabletFalse,SettingSuffleTabletFalse
SettingStartingSword,Swordless,,%Settings%,SettingStartingSword,SettingStartingSword,SettingStartingSword
SettingStartingSwordTrue,,Disabled,%Settings%,SettingStartingSword,SettingStartingSwordTrue,SettingStartingSwordTrue
SettingStartingSwordFalse,,Enabled,%Settings%,SettingStartingSword,SettingStartingSwordFalse,SettingStartingSwordFalse
SettingClosedThunderHead,Closed Thunderhead,,%Settings%,SettingClosedThunderHead,SettingClosedThunderHead,SettingClosedThunderHead
SettingClosedThunderHeadTrue,,Enabled,%Settings%,SettingClosedThunderHead,SettingClosedThunderHeadTrue,SettingClosedThunderHeadTrue
SettingClosedThunderHeadFalse,,Disabled,%Settings%,SettingClosedThunderHead,SettingClosedThunderHeadFalse,SettingClosedThunderHeadFalse
SettingSkipSkykeep,Skip Skykeep,,%Settings%,SettingSkipSkykeep,SettingSkipSkykeep,SettingSkipSkykeep
SettingSkipSkykeepTrue,,Enabled,%Settings%,SettingSkipSkykeep,SettingSkipSkykeepTrue,SettingSkipSkykeepTrue
SettingSkipSkykeepFalse,,Disabled,%Settings%,SettingSkipSkykeep,SettingSkipSkykeepFalse,SettingSkipSkykeepFalse
SettingHeroMode,Hero Mode,,%Settings%,SettingHeroMode,SettingHeroMode,SettingHeroMode
SettingHeroModeTrue,,Enabled,%Settings%,SettingHeroMode,SettingHeroModeTrue,SettingHeroModeTrue
SettingHeroModeFalse,,Disabled,%Settings%,SettingHeroMode,SettingHeroModeFalse,SettingHeroModeFalse
RequiredDungeon1,Required Dungeon 1,,%Required Dungeon%,SettingRequiredDungeon,RequiredDungeon1,RequiredDungeon1
RequiredDungeon2,Required Dungeon 2,,%Required Dungeon%,SettingRequiredDungeon,RequiredDungeon2,RequiredDungeon2
RequiredDungeon3,Required Dungeon 3,,%Required Dungeon%,SettingRequiredDungeon,RequiredDungeon3,RequiredDungeon3
RequiredDungeon4,Required Dungeon 4,,%Required Dungeon%,SettingRequiredDungeon,RequiredDungeon4,RequiredDungeon4
RequiredDungeon5,Required Dungeon 5,,%Required Dungeon%,SettingRequiredDungeon,RequiredDungeon5,RequiredDungeon5
RequiredDungeon6,Required Dungeon 6,,%Required Dungeon%,SettingRequiredDungeon,RequiredDungeon6,RequiredDungeon6
RequiredDungeonSW,,Req Skyview,,SettingRequiredDungeon,RequiredDungeonSW,Required Dungeon Skyview
RequiredDungeonET,,Req Earth Temple,,SettingRequiredDungeon,RequiredDungeonET,Required Dungeon Earth Temple
RequiredDungeonMF,,Req Lanayru Mining Facility,,SettingRequiredDungeon,RequiredDungeonMF,Required Dungeon Lanayru Mining Facility
RequiredDungeonAC,,Req Ancient Cistern,,SettingRequiredDungeon,RequiredDungeonAC,Required Dungeon Ancient Cistern
RequiredDungeonSS,,Req Sandship,,SettingRequiredDungeon,RequiredDungeonSS,Required Dungeon Sandship
RequiredDungeonFS,,Req Fire Sanctuary,,SettingRequiredDungeon,RequiredDungeonFS,Required Dungeon Fire Sanctuary
RequiredDungeonNone1,,None,%Required Dungeon%,SettingRequiredDungeon,RequiredDungeonNone1,Required Dungeon None1
RequiredDungeonNone2,,None,%Required Dungeon%,SettingRequiredDungeon,RequiredDungeonNone2,Required Dungeon None2
RequiredDungeonNone3,,None,%Required Dungeon%,SettingRequiredDungeon,RequiredDungeonNone3,Required Dungeon None3
RequiredDungeonNone4,,None,%Required Dungeon%,SettingRequiredDungeon,RequiredDungeonNone4,Required Dungeon None4
RequiredDungeonNone5,,None,%Required Dungeon%,SettingRequiredDungeon,RequiredDungeonNone5,Required Dungeon None5
RequiredDungeonNone6,,None,%Required Dungeon%,SettingRequiredDungeon,RequiredDungeonNone6,Required Dungeon None6
